file,f1,f2,f3,f4,f5,f6,label
pro(348).jpg,40.8436877927,51.909328866,163.2389929742,0.2075134168,31.9288992915,0.1933704301,1
pro(99).jpg,51.178242096,55.6956442843,147.3101910129,0,29.1027803335,0.1976358945,1
pro(113).jpg,8.8030481557,13.4874954822,157.3985326405,0.4414414414,10.8364424648,0.2108191159,1
pro(195).jpg,50.245808,40.5398763638,115.059008,0.0789980732,29.0939464911,0.2196772525,1
pro(342).jpg,63.42892,85.8443963208,71.98932,0.0295081967,57.8058240188,0.2436684274,1
pro(278).jpg,23.930966967,31.415617342,97.1060840841,0.0495867769,19.0729169076,0.2788043195,1
pro(57).jpg,63.595924,69.172345098,129.717096,0.1260945709,38.6458882494,0.2462644325,1
pro(304).jpg,73.1967951807,67.5134143293,105.3654819277,0.0217391304,45.6116380397,0.2472678685,1
pro(177).jpg,15.4687867868,18.6706561476,79.7424804805,0,10.9112160342,0.2341080351,1
pro(13).jpg,38.3012746667,40.7460043284,91.8738773333,0.1273712737,23.6176045407,0.2051119827,1
pro(134).jpg,16.5846186186,21.1786145994,119.4538738739,0.1140142518,14.3461092879,0.2820977255,1
pro(273).jpg,33.5996281386,35.4893741604,132.9984954967,0.243412798,25.0730668437,0.1873624498,1
pro(311).jpg,85.8629793618,94.2771449426,85.8945440574,0.6068493151,62.2473815751,0.260381765,1
pro(84).jpg,0,0,152.936432,0.6445086705,0,0.2414629513,1
pro(128).jpg,51.8671584452,45.4844670231,162.1432366994,0.2225806452,29.0315411342,0.2064310144,1
pro(241).jpg,31.8951092437,26.24434235,98.454952381,0.025,18.3844805959,0.2356857989,1
pro(71).jpg,56.4672312312,70.6093542389,111.8062102102,0.0320366133,49.1959000107,0.2938374593,1
pro(205).jpg,25.6974578313,36.4447391739,151.293686747,0,27.4394127461,0.1954726382,1
pro(292).jpg,87.4889789916,113.1748398209,108.4310210084,0.5782608696,77.3341108028,0.1547106774,1
pro(211).jpg,20.7457837838,28.9799526092,24.9956156156,0.0604651163,25.2597626345,0.1330380435,1
pro(236).jpg,31.0299096737,30.4226046825,133.9682036713,0.0670520231,17.978891281,0.2282500263,1
pro(170).jpg,59.0877122365,64.8965835828,93.8245572307,0.097127223,34.9088743231,0.2276086165,1
pro(387).jpg,16.254353211,14.4475682299,54.5490229358,0.0658362989,9.4013485683,0.1377604977,1
pro(157).jpg,59.2976840855,44.847417784,130.080611639,0.0212389381,28.9384464387,0.23766142,1
pro(366).jpg,79.76688,48.7515313026,145.8798773333,0.230228471,23.5891681724,0.2176237933,1
pro(352).jpg,75.519775,47.5181055708,117.9853125,0.1467889908,23.6477934266,0.1250909157,1
pro(59).jpg,25.1462613333,46.8668490077,123.2979466667,0,44.0860504577,0.1965422096,1
pro(234).jpg,30.7183766578,55.7624000743,187.2406578249,0.0504731861,48.7868374726,0.3346976891,1
pro(220).jpg,0,0,125.8303632813,0.0274509804,0,0.2390042488,1
pro(309).jpg,0,0,127.0069939759,0.1693989071,0,0.2719972636,1
pro(230).jpg,55.6716627635,52.3563218203,181.4433035714,0.4457364341,30.2894329322,0.1671287108,1
pro(368).jpg,33.9179193501,38.4851261819,144.0325856265,0.0069767442,25.9003327953,0.2016562942,1
pro(108).jpg,29.0654896077,35.3842977689,129.9356813525,0.2141982864,20.3951609759,0.2414459959,1
pro(286).jpg,12.9125911458,23.3619556303,50.9033984375,0.1182795699,19.1463498154,0.1826650517,1
pro(310).jpg,41.7671372549,37.2237646271,130.7768739496,0.4398826979,28.4115716776,0.2704620563,1
pro(80).jpg,10.2746979167,10.2841912373,111.3264921875,0.0022779043,7.8904487629,0.3405160988,1
pro(125).jpg,21.0806264671,21.0724459708,134.4093676643,0.5984654731,6.7385546955,0.1785788532,1
pro(334).jpg,28.7141226667,31.8651105493,115.6817866667,0.1717391304,19.6811506985,0.2759871851,1
pro(126).jpg,31.7892710773,27.8797389541,123.0458247951,0.8260273973,13.7021285226,0.2593637302,1
pro(274).jpg,82.6643880208,79.749841035,144.7171875,0,35.2391252066,0.2543478084,1
pro(109).jpg,29.4245825826,31.809850154,128.6999279279,0.2575757576,22.3393188138,0.2008071192,1
pro(64).jpg,11.5895495495,37.210864622,11.2358918919,0.2875816993,33.8892906819,0.1338638242,1
pro(39).jpg,25.7322375691,37.8377046703,113.820878453,0.4046610169,26.4307735314,0.2799073353,1
pro(347).jpg,32.1064924925,39.4476508853,156.6794114114,0.0074074074,33.1633537013,0.3071723507,1
pro(31).jpg,0,0,7.6385539505,0.0746268657,0,0.1137271784,1
pro(5).jpg,88.0383146667,56.8314793672,117.3945973333,0.1055776892,23.855829951,0.1518162534,1
pro(94).jpg,21.7017202171,24.4864523542,107.5945129108,0.073800738,17.977973979,0.2781289153,1
pro(256).jpg,0,0,85.6462826667,0.4488017429,0,0.176246211,1
pro(291).jpg,50.2835112936,35.6891579029,122.2289774127,0.6551246537,22.8584682791,0.1754349185,1
pro(305).jpg,89.8660677693,61.6061285384,117.364033226,0,37.7500712921,0.2262121081,1
pro(296).jpg,80.105027027,120.7539657398,59.9811951952,0.3194103194,86.4505336312,0.2284384285,1
pro(393).jpg,0,0,120.1411831832,0,0,0.4180685665,1
pro(246).jpg,33.7341378348,22.6425125594,149.2454729353,0.2152521525,10.2160157471,0.1132077704,1
pro(320).jpg,20.0300546875,24.0599572309,106.8089882813,0.0975609756,17.63315622,0.2845753933,1
pro(137).jpg,0,0,117.8792666862,0.01517067,0,0.3255835598,1
pro(243).jpg,10.1168979592,11.5940491206,142.8285714286,0,9.6110299942,0.2074490187,1
pro(209).jpg,62.4812552553,66.6780260023,50.1684084084,0.4704049844,36.0633518733,0.1430222195,1
pro(216).jpg,57.1197558594,46.8815364689,109.6268652344,0.3286334056,26.187989958,0.1675501166,1
pro(61).jpg,36.59952,49.4846899055,66.329412,0.0234986945,34.0874654935,0.0820832968,1
pro(189).jpg,32.7969151577,35.6440406863,139.5049722547,0.0149925037,21.8705767886,0.2544809956,1
pro(95).jpg,7.9878537736,9.7996065168,77.4005785672,0.1636085627,6.2433750165,0.2088653281,1
pro(183).jpg,37.6501242604,49.6248038887,61.0994142012,0.3924611973,36.3665740925,0.1857684995,1
pro(93).jpg,0,0,53.8086358314,0.6096904441,0,0.1591607599,1
pro(250).jpg,45.0269650277,74.1874173419,69.0852969183,0.004587156,59.6565167553,0.2454801793,1
pro(265).jpg,42.0022884115,40.7100909143,80.9448763021,0.0068870523,31.3339634206,0.2226940545,1
pro(362).jpg,20.1753564189,13.411698274,142.7514864865,0.0282485876,7.7744891067,0.2779748845,1
pro(193).jpg,20.644784,31.5313253818,116.468764,0.0113452188,23.1289333432,0.3787276408,1
pro(221).jpg,22.3416166134,9.9841751866,174.9904025559,0.0273972603,3.0684409785,0.1205434043,1
pro(25).jpg,15.8005551471,22.6298955442,64.3837720588,0.0167504188,16.9508783518,0.2214947517,1
pro(45).jpg,110.3447672717,94.1783013002,124.9341005562,0.2976629766,61.6044611515,0.2826035464,1
pro(395).jpg,0,0,98.2983333333,0.0762195122,0,0.2107113412,1
pro(150).jpg,67.3805672372,75.9618042182,108.0567628362,0.1712158809,40.4489192783,0.1936451644,1
pro(127).jpg,41.2651351351,37.2512118584,154.5392552553,0.802739726,19.0905842253,0.1008695143,1
pro(145).jpg,32.748850613,37.2934132415,44.8988006397,0,26.8298816804,0.1524247973,1
pro(122).jpg,59.631076284,61.7791464375,200.1702492447,0.2793522267,48.6076152324,0.165843597,1
pro(349).jpg,13.5605635684,18.3292208442,145.9080462073,0.0635658915,13.2839728075,0.2456052436,1
pro(20).jpg,37.20448,38.5500270008,168.029936,0.0111524164,16.7360599484,0.244489539,1
pro(299).jpg,11.1306516854,23.7031497133,63.3316910112,0.3085585586,22.7935188852,0.1919711585,1
pro(333).jpg,34.3199039039,35.8490000952,98.1193873874,0.3692307692,10.6336715579,0.3507072746,1
pro(307).jpg,47.6920213333,49.2177111592,127.3935093333,0.1634615385,32.6517099472,0.2449291654,1
pro(275).jpg,0,0,117.4685147929,0.0530973451,0,0.2892559622,1
pro(384).jpg,6.0005653333,9.6686291671,99.066896,0.0216346154,6.9185824907,0.3666681362,1
pro(66).jpg,19.9623663664,25.1830231838,105.9522282282,0.1711111111,17.8268640598,0.2336678302,1
pro(77).jpg,0.0001240809,0.0156652576,70.2222587316,0.681712963,0.0156061136,0.3166713101,1
pro(336).jpg,110.3695625,133.201342115,167.7128958333,0.0388888889,102.6082752644,0.3246845563,1
pro(277).jpg,150.2601727166,106.3364820986,97.0102605386,0.1115151515,70.0940272566,0.1648360405,1
pro(92).jpg,45.9650850184,41.2582121469,122.9907973346,0.0353430353,24.4472324566,0.184071661,1
pro(48).jpg,0,0,46.916122807,0.0883977901,0,0.2638802012,1
pro(253).jpg,0,0,115.9567349138,0.3352033661,0,0.2033767741,1
pro(363).jpg,25.5058941504,30.6514934988,138.0198272981,0.2031558185,19.8512716156,0.2910783608,1
pro(182).jpg,6.979936,16.8506122885,61.8259253333,0.4125230203,16.5448111534,0.1528635617,1
pro(4).jpg,69.9086802326,50.6778914616,126.0139709302,0.4796511628,25.9892592574,0.1591611805,1
pro(251).jpg,18.9107647059,22.1577645781,125.6203125,0.0272572402,13.8245277125,0.3025654338,1
pro(295).jpg,3.8707899306,5.7192414351,91.9881076389,0,4.3256431972,0.2498662117,1
pro(65).jpg,32.8435775225,38.8581159586,74.8783207984,0.188466948,22.4952298746,0.1734010332,1
pro(52).jpg,47.8863296703,33.0876559994,148.7056835165,0.002173913,20.016792564,0.2014778896,1
pro(196).jpg,52.9457706667,52.5560621545,80.390784,0.1272401434,34.2660038792,0.1553562999,1
pro(213).jpg,16.9650990991,21.5882749406,115.3773873874,0,13.5820120821,0.2520752417,1
pro(227).jpg,29.1261501502,36.2209289982,107.492012012,0.2558139535,22.4568787113,0.2102298141,1
pro(179).jpg,77.7162533512,73.7363334894,101.9987977547,0.4874274662,57.8918315432,0.2893449479,1
pro(121).jpg,33.4258558559,40.9206214257,55.4493693694,0.239010989,31.6291612596,0.2127161809,1
pro(107).jpg,49.7580083886,54.0844377173,86.9867054987,0.1662269129,22.54976187,0.1443931515,1
pro(328).jpg,56.0345175202,33.7770794461,102.4101671159,0.4154929577,16.7236024415,0.0923860973,1
pro(219).jpg,51.2884384384,54.5009488602,86.6772432432,0.2024539877,28.7759413967,0.1727433615,1
pro(43).jpg,94.2058823529,81.0634266297,105.1748088235,0.6975609756,26.876612167,0.1301417598,1
pro(365).jpg,10.3757546667,14.9708237482,95.0445173333,0.0892448513,10.9581187146,0.1755726453,1
pro(198).jpg,35.2543164063,28.7935377364,90.3990820313,0,18.6106407242,0.2526138718,1
pro(139).jpg,31.4345117615,29.6581697135,107.3321902352,0.4285714286,20.2576029874,0.1305585562,1
pro(340).jpg,32.03914,36.2009686236,167.42278,0.613740458,20.7843966489,0.2311791884,1
pro(11).jpg,73.6243193794,88.6955829168,144.1348763173,0.2682926829,50.5774928296,0.3091952468,1
pro(303).jpg,21.1468,24.6454517922,98.331426087,0.050209205,17.3450612916,0.1760692708,1
pro(212).jpg,82.1344408665,51.2149105495,165.7347811768,0.6175675676,24.7245830745,0.1571629981,1
pro(218).jpg,6.0971444444,8.5539840705,39.2247222222,0.4495614035,6.4824109593,0.1036386977,1
pro(15).jpg,47.4789066667,44.1014863888,165.97096,0.0555555556,30.1363933764,0.1919345491,1
pro(62).jpg,9.6623202417,10.2893000565,63.2272024169,0.6666666667,8.3585455409,0.226603858,1
pro(22).jpg,0,0,196.8793911007,0.0605326877,0,0.1979969386,1
pro(178).jpg,41.1583113263,49.7602700463,64.3097601232,0.0260078023,39.1260801801,0.2249170036,1
pro(140).jpg,43.429456,50.6542688975,123.4071733333,0,27.8545831455,0.2160975996,1
pro(187).jpg,40.2867986799,28.714300548,95.1019273927,0.4095744681,18.7689766847,0.2438352109,1
pro(17).jpg,110.6580481928,127.4004769309,84.7015301205,0.1269430052,73.706984247,0.1965884294,1
pro(289).jpg,44.0319951338,35.6402901138,57.7179513382,0.0472813239,24.9910622108,0.1520728281,1
pro(261).jpg,3.8549817112,4.2238000487,151.1305343511,0.0909090909,2.1569015527,0.2593540994,1
pro(364).jpg,0,0,52.3146401985,0.1340206186,0,0.2427433597,1
pro(367).jpg,27.8016949153,29.0125320281,75.2054745763,0.2099447514,20.7621125891,0.1862974559,1
pro(86).jpg,62.6747927928,46.856315723,97.8181141141,0.6503340757,30.244235249,0.1599146857,1
pro(132).jpg,93.7533453453,87.2294803062,89.8992252252,0.62,48.0396689426,0.1586850411,1
pro(83).jpg,0,0,105.0541886737,0.0280373832,0,0.2723570563,1
pro(9).jpg,41.5205045045,28.511689459,113.8581861862,0.7284345048,15.4111926484,0.1285008839,1
pro(165).jpg,48.8925165165,44.2626731211,115.0677477477,0.0478873239,31.9969698711,0.2351686721,1
pro(224).jpg,33.8111066176,24.6143049598,125.8295257353,0.0011961722,16.0467792543,0.1906905211,1
pro(281).jpg,58.0122694672,68.293793757,58.4762368267,0.4210526316,56.7011365719,0.2425423673,1
pro(28).jpg,73.033567954,81.3027665647,90.0553139741,0.0340599455,52.2585922405,0.2317643712,1
pro(233).jpg,15.476648,23.8558944178,126.04452,0,18.3350468416,0.3171201538,1
pro(335).jpg,0,0,72.7838798799,0.181425486,0,0.1844894006,1
pro(124).jpg,0,0,91.0117424242,0.0678571429,0,0.3234282941,1
pro(167).jpg,12.8774809719,20.6111324475,38.0513026932,0.1173285199,16.7509509213,0.1892103796,1
pro(294).jpg,53.8345469848,42.548836745,104.5294496487,0.3767361111,22.1304644711,0.1512202689,1
pro(75).jpg,49.9631346578,48.59284819,125.0037395143,0.2071269488,20.8135240223,0.1012178588,1
pro(32).jpg,17.2323423423,21.955873523,42.4166066066,0.1170568562,16.8128884561,0.1904421973,1
pro(100).jpg,0,0,108.031204,0.7051282051,0,0.18041887,1
pro(316).jpg,75.9268613801,102.6366031174,150.3203238499,0,84.1128130257,0.2231589124,1
pro(74).jpg,41.5234354354,64.8474294883,124.791033033,0.1731448763,47.5096989342,0.3255427853,1
pro(33).jpg,0,0,57.4382702703,0.0540540541,0,0.3202763749,1
pro(217).jpg,0.0002268735,0.0213681935,104.2860655738,0.0561983471,0.0213001315,0.2727257412,1
pro(313).jpg,41.4809249249,51.1900422882,105.4238798799,0.0208816705,33.5062716031,0.193793677,1
pro(153).jpg,34.9623123123,38.1852157144,102.6035435435,0.0346320346,19.9925593531,0.1772359232,1
pro(353).jpg,17.6023547535,16.3299515948,129.9215008803,0,11.0061651937,0.2390356051,1
pro(76).jpg,39.9772948328,37.7039247834,115.1601033435,0.0828025478,21.2258616984,0.2356034345,1
pro(379).jpg,24.88336,36.8970429423,143.485568,0.2494577007,26.54938373,0.2419039366,1
pro(272).jpg,7.9914963006,9.735919622,124.3583479361,0,6.2161545207,0.1918415655,1
pro(19).jpg,0,0,161.9695166472,0.090504451,0,0.3005976902,1
pro(10).jpg,10.4270919958,10.703113906,138.3674402287,0.5111633373,6.8984387952,0.3013737826,1
pro(181).jpg,40.8041321321,43.8540681391,121.7413213213,0.1737967914,24.355287191,0.1370062533,1
pro(82).jpg,0,0,59.3798704625,0.5408,0,0.1867542139,1
pro(135).jpg,14.4453676876,13.1615434463,104.6872826987,0.5579710145,9.3385780137,0.0901668896,1
pro(229).jpg,33.1082522523,42.2435765273,113.5184204204,0.0101010101,28.8513211465,0.1922256561,1
pro(118).jpg,18.0815675676,22.628040116,74.3717777778,0.132183908,14.6512333277,0.1855924237,1
pro(35).jpg,0,0,79.0512694611,0.0313253012,0,0.3164196763,1
pro(192).jpg,0,0,61.9880444444,0.039184953,0,0.2789416806,1
pro(112).jpg,27.4788736979,37.7630697594,123.1956347656,0.0472027972,28.7552699478,0.3254763463,1
pro(394).jpg,14.017033033,29.374582329,31.9019039039,0.0208333333,23.784439319,0.2106592216,1
pro(155).jpg,74.7651573604,71.2962540011,71.5434162437,0.6773584906,43.2160062258,0.1764181492,1
pro(344).jpg,76.0392747365,41.1320879755,147.5877305328,0,16.6598940325,0.1223104077,1
pro(68).jpg,44.550563591,48.7622932707,147.4212219451,0.2275334608,20.654599264,0.2793897592,1
pro(173).jpg,0,0,68.5596918429,0.4282178218,0,0.2116240003,1
pro(63).jpg,14.2958767123,17.0013564058,155.6573561644,0.0197368421,11.0462963228,0.1903330167,1
pro(242).jpg,29.0391171171,11.5322236411,168.9877117117,0.4651162791,3.7634916302,0.0934035601,1
pro(201).jpg,15.490712822,26.4494195418,205.8368303571,0.0392156863,23.9296337783,0.2970387677,1
pro(200).jpg,72.1676496479,83.7761003881,135.6000550176,0.5665584416,52.464862804,0.2575080564,1
pro(14).jpg,22.4685593378,30.7325488282,47.445047433,0,26.0944508594,0.1206254517,1
pro(119).jpg,0,0,177.1706454918,0.4623015873,0,0.2320625377,1
pro(3).jpg,49.6295594262,36.8060490371,167.4577649297,0.0874524715,19.5259788385,0.1104560153,1
pro(354).jpg,59.8422507123,74.5193500199,121.825014245,0.4632911392,52.7465458132,0.3112084042,1
pro(102).jpg,32.8327002801,37.0827649084,103.0722633053,0.0634005764,19.2130054763,0.2505995505,1
pro(6).jpg,76.8824932249,86.9146664166,120.6031382114,0.3163841808,47.5855562366,0.218728834,1
pro(232).jpg,56.0090826667,30.9039788331,108.40656,0.4803149606,11.8069447433,0.094266514,1
pro(97).jpg,26.2042095588,31.2024945137,190.182375,0.5032397408,19.7263482895,0.2449295502,1
pro(34).jpg,48.1165520833,63.2165570208,82.1204114583,0.0022172949,45.0165806142,0.2272094701,1
pro(78).jpg,23.8717936198,28.0327822144,107.558108724,0.0324449594,16.6621731174,0.3301048837,1
pro(258).jpg,19.4803903904,26.6937757421,167.2700660661,0.7567567568,20.0231678087,0.1397996043,1
pro(123).jpg,31.1796396396,41.6409617752,76.5670510511,0.084375,32.9171143068,0.2208900559,1
pro(103).jpg,42.1558613333,48.1871304099,140.62808,0.2136929461,29.9760906598,0.1928790085,1
pro(398).jpg,41.5332492492,53.4344900287,26.6874834835,0.2908011869,34.1522527216,0.1164075208,1
pro(330).jpg,57.982174411,80.0106843884,100.1073257526,0.0546528804,55.0725074,0.3024422367,1
pro(190).jpg,12.7102162162,14.6574340933,99.2917237237,0.00456621,8.1312584941,0.1087930844,1
pro(280).jpg,198.961266276,117.9762278674,150.5580957031,0.6648706897,48.6240730051,0.1539665674,1
pro(40).jpg,25.3179632611,32.5136560671,133.3476105094,0.3443786982,21.4613163836,0.2530393203,1
pro(317).jpg,7.232734375,11.7254268329,187.6599826389,0.2123411978,9.9301003891,0.2610735764,1
pro(208).jpg,0,0,181.1827387387,0.0021786492,0,0.2707911776,1
pro(276).jpg,9.4434826667,10.2408837592,36.0097973333,0.016064257,7.3820842895,0.1609832167,1
pro(360).jpg,53.52755,60.4027971476,112.3986866667,0.4588377724,44.3240819532,0.2104973645,1
pro(90).jpg,0,0,106.9897188498,0.3047337278,0,0.3963381999,1
pro(158).jpg,33.6541715457,40.1309031635,146.570429596,0.1790017212,24.3234062178,0.2627019905,1
pro(399).jpg,33.7629648438,42.0663744241,87.626859375,0.5192629816,30.1301671833,0.2306095728,1
pro(151).jpg,52.8328802395,47.2319646874,79.6292155689,0,33.4154219527,0.2048208645,1
pro(249).jpg,64.4170190275,72.8506674699,136.4533572939,0.0463458111,57.8356332695,0.2441333168,1
pro(308).jpg,0,0,88.2990510511,0.0238095238,0,0.3373760097,1
pro(264).jpg,128.3769041769,113.891169858,82.4896613943,0.5573505654,81.2854099992,0.2335072765,1
pro(319).jpg,24.1937857143,28.8952855743,88.7081043956,0,17.5024623655,0.2349417956,1
pro(369).jpg,47.278040625,56.4158448867,107.575159375,0.4568306011,36.24273112,0.2382001695,1
pro(79).jpg,18.556188,21.8410542278,91.119872,0.0330882353,10.9668155318,0.2519201915,1
pro(7).jpg,34.3986111111,31.5857617177,114.5609375,0.0860215054,22.7926688494,0.1724703689,1
pro(268).jpg,68.8364373333,75.0396555624,124.2705226667,0.3791348601,45.9347526744,0.2141377891,1
pro(396).jpg,130.861776,78.7528902162,115.9031413333,0.1182795699,44.7438696374,0.0751948036,1
pro(371).jpg,31.6694123244,26.7571611934,115.4746633489,0.0561299852,19.2935001824,0.2278918797,1
pro(188).jpg,20.8530690632,22.7209996136,33.8034046838,0.1039119804,15.4665194083,0.1084232742,1
pro(373).jpg,47.1361253197,51.1889024685,95.6782352941,0.6463223787,27.4721840131,0.1932113037,1
pro(174).jpg,78.2072279347,98.3756251041,137.0005900542,0.1561051005,68.6450344232,0.230142933,1
pro(130).jpg,20.7240496894,27.9657044984,89.3126459627,0.3573573574,19.5338635856,0.3223006259,1
pro(210).jpg,0,0,205.0551979434,0,0,0.2571014985,1
pro(324).jpg,0,0,138.08850921,0.038961039,0,0.2901899745,1
pro(81).jpg,39.3253433735,56.1845574378,120.2245783133,0.0117302053,45.5455229824,0.2681494018,1
pro(54).jpg,37.3247567807,69.0844754193,57.8818948998,0.615819209,62.2275361336,0.2116880017,1
pro(147).jpg,28.5440801056,33.2955632543,90.7607981221,0.4993710692,17.0265034622,0.214927014,1
pro(323).jpg,21.0364570114,20.8039428275,118.5316307107,0.0501253133,14.3272521189,0.2553691899,1
pro(110).jpg,0,0,73.9101681682,0.023255814,0,0.2204928623,1
pro(87).jpg,36.732163142,48.4354176982,122.633897281,0,37.0689680232,0.2388901563,1
pro(111).jpg,85.174675,76.0959119507,160.53320625,0.0837927233,46.4755900435,0.1995857654,1
pro(358).jpg,34.5148035714,36.7848163574,128.484452381,0.4605263158,26.859842479,0.2909068016,1
pro(255).jpg,0,0,110.1854698795,0,0,0.2014058696,1
pro(138).jpg,29.1638704427,55.102367696,23.9075065104,0.1552878179,47.0927230312,0.1684282322,1
pro(228).jpg,46.5126515152,51.1419164599,137.5095353535,0.0266903915,30.4703752723,0.2677065345,1
pro(312).jpg,22.2968969555,20.0578285302,106.4374963408,0.4701912261,12.1565776678,0.1281008423,1
pro(98).jpg,15.9844410211,22.6415385646,99.2651225059,0.0331890332,17.1492154704,0.2432672852,1
pro(350).jpg,10.6621267564,14.0115817889,102.1620938232,0.5502121641,9.4313057033,0.2183369301,1
pro(161).jpg,45.2356098765,36.5453447571,112.2457679012,0.7672253259,24.3685395052,0.2564157067,1
pro(72).jpg,62.1305679758,72.8921818725,115.1849244713,0.9382716049,47.7430315414,0.1317512504,1
pro(141).jpg,38.783116,46.6681876041,109.24752,0.4542124542,27.7488778391,0.2339455264,1
pro(290).jpg,65.7169386667,70.4274316085,73.5236853333,0.6459227468,41.9492862587,0.1704068645,1
pro(329).jpg,0,0,69.861039959,0.1940085592,0,0.2844614399,1
pro(248).jpg,33.6110588235,45.9156906023,40.9471139706,0.5186813187,38.4004307926,0.231801814,1
pro(327).jpg,57.2305057668,66.4401031994,93.1698877805,0.3580060423,43.0437900908,0.2098627371,1
pro(69).jpg,38.9518296253,23.7494039167,82.1572928864,0,13.5410353388,0.1937963382,1
pro(143).jpg,72.6306850117,88.5330410957,50.4293823185,0.8316400581,70.2431455056,0.1974215916,1
pro(70).jpg,1.4666349532,2.2347932357,58.6947636124,0.0521582734,1.9287132454,0.2702581621,1
pro(372).jpg,27.8185645646,35.9076810704,57.8285285285,0.5464852608,25.2609879778,0.1756982451,1
pro(91).jpg,45.9291591592,75.3161310745,144.1033633634,0.2894736842,50.7066027669,0.1822569678,1
pro(287).jpg,23.6869657494,23.094817179,101.8859484778,0.0091324201,16.4561566183,0.1978340087,1
pro(144).jpg,79.0155495495,69.5837660208,125.7921561562,0.5435244161,20.2617476757,0.1345913337,1
pro(355).jpg,27.4531329787,45.8258208021,172.063106383,0.0332225914,35.6244811127,0.3487133303,1
pro(267).jpg,3.1885052448,3.3068487111,45.9162113928,0.0690140845,2.3746961241,0.2167058052,1
pro(315).jpg,19.5784496753,30.511015844,40.9339772727,0.1,21.7500272025,0.1786412211,1
pro(171).jpg,0,0,33.2781176297,0.0547945205,0,0.1391942582,1
pro(56).jpg,18.3679908798,21.0389476637,61.9040638412,0.0064308682,14.331753237,0.1101151222,1
pro(18).jpg,74.7739401198,89.7459145717,105.5703413174,0.0021141649,48.4038211603,0.2211745255,1
pro(27).jpg,32.317746988,43.0345765947,75.6030843373,0.2621621622,32.9667278523,0.1473506451,1
pro(331).jpg,20.574304,24.8631951272,104.470556,0.4489465154,14.0675490017,0.1930550948,1
pro(204).jpg,18.0169313525,20.0687298066,43.5359118852,0.0034129693,12.9919593585,0.1519355182,1
pro(385).jpg,19.7682658451,26.2499586965,76.3261296948,0.0352112676,17.9131711675,0.2204440001,1
pro(8).jpg,18.204716774,26.8747646247,50.7692805913,0.4340175953,23.2306796378,0.2229686541,1
pro(180).jpg,73.809536007,58.9918701947,107.7720250293,0.1362275449,40.105624428,0.2273211397,1
pro(106).jpg,12.0455524079,13.3405840262,92.8051274788,0.0063291139,6.2349257346,0.2391968815,1
pro(322).jpg,26.2997030812,29.7143968629,111.2125042017,0.6581196581,16.7028483095,0.2656538824,1
pro(2).jpg,0,0,68.5554293333,0.0487804878,0,0.226656985,1
pro(37).jpg,0,0,165.7874744451,0.1497326203,0,0.3499399221,1
pro(225).jpg,18.6350332326,23.5874169833,158.4625498489,0.4309978769,16.5129738021,0.0949620892,1
pro(12).jpg,29.1623859127,28.0586997137,99.4707093254,0.0025974026,19.0944390865,0.2026534102,1
pro(55).jpg,16.1435786667,17.6164712571,160.5902773333,0.2413043478,10.5253308974,0.2445965154,1
pro(297).jpg,31.3634414414,30.2647068036,130.9972432432,0.753117207,19.2044692728,0.3383514668,1
pro(266).jpg,37.2384405797,28.8835158333,127.8463652174,0.3353057199,18.7470193496,0.2717798899,1
pro(156).jpg,27.0243249726,22.2822063878,90.9463850055,0.423929099,9.8348399032,0.1573730848,1
pro(338).jpg,24.0961724239,26.1944043004,162.1143515808,0.0397435897,16.5529820975,0.1548653084,1
pro(191).jpg,0,0,135.5373603563,0.140625,0,0.3395289832,1
pro(159).jpg,47.84705,23.045948408,129.0828791667,0.2294372294,10.5017227776,0.0814471419,1
pro(370).jpg,21.2467618283,29.044725802,55.3838419977,0,23.3629960391,0.1986581609,1
pro(38).jpg,51.4083783784,63.0548731062,69.8401321321,0.4315352697,47.2513767893,0.1529234507,1
pro(148).jpg,7.5022442748,6.5523300806,79.9320712468,0.0252873563,4.6615497266,0.2142749982,1
pro(339).jpg,0,0,59.2472612613,0.1411411411,0,0.2297055473,1
pro(325).jpg,0,0,152.2450986667,0.2981744422,0,0.3124533681,1
pro(53).jpg,0,0,131.643647541,0.0106951872,0,0.3589985819,1
pro(378).jpg,45.6831148459,48.9891570649,132.4282857143,0.0331491713,33.8234577665,0.1139583367,1
pro(284).jpg,0,0,59.7142132675,0.0443037975,0,0.2248060996,1
pro(257).jpg,23.7277942005,31.2457094092,136.8391645552,0.2060606061,23.0964069396,0.1958777324,1
pro(26).jpg,30.740694689,49.4932399019,42.0443955399,0.554964539,44.181606322,0.1418487622,1
pro(321).jpg,40.3732323986,54.7025957155,84.780101432,0.5548686244,29.744841254,0.1711312099,1
pro(269).jpg,25.3081235363,26.0962202429,118.3431937939,0.1647634584,12.3845433073,0.1102591132,1
pro(326).jpg,0,0,100.4208918033,0,0,0.2016942051,1
pro(41).jpg,68.2149086162,71.659637048,128.7351070496,0,42.9025258945,0.218727272,1
pro(120).jpg,13.9574246988,20.4006077659,87.1943260542,0.0992481203,15.6461967739,0.1781127017,1
pro(73).jpg,0.6027489778,1.1141864526,90.4798590829,0.3675889328,0.9276667522,0.283214558,1
pro(386).jpg,59.8828888436,47.9678226882,115.1458061889,0.3574879227,22.3557404045,0.1472212675,1
pro(58).jpg,0,0,132.401401493,0.0812807882,0,0.1913817613,1
pro(133).jpg,58.346864,55.7582718386,133.6706506667,0.2245322245,34.9795458713,0.2152482964,1
pro(389).jpg,67.4368106667,58.6303568735,117.181024,0.0111731844,34.4665090647,0.1943058202,1
pro(361).jpg,19.724788,30.7415519407,78.308204,0.2890792291,25.6246641803,0.2571505122,1
pro(223).jpg,3.435390625,3.754262952,50.741171875,0.4444444444,2.8251357551,0.0797684832,1
pro(46).jpg,74.4537595308,71.7747619691,112.5532258065,0.4285714286,34.6012757584,0.184084,1
pro(271).jpg,40.1945449102,36.5117551791,90.317005988,0.080952381,27.0487712573,0.2611731741,1
pro(104).jpg,49.4536153396,55.7727800108,126.3838663642,0.1022304833,31.926383942,0.2307486273,1
pro(254).jpg,35.20944,57.0725579101,40.489368,0.208677686,50.3037159551,0.2531747442,1
pro(306).jpg,38.1924797688,48.5788393837,141.4843410405,0.4537313433,32.4750593156,0.1503665434,1
pro(85).jpg,67.021033033,71.1781718474,80.5157357357,0.2093023256,57.2872025991,0.2174015209,1
pro(152).jpg,6.5266453333,8.4802439598,128.8786293333,0,6.7617512051,0.2005482518,1
pro(239).jpg,7.9155675676,5.0622213101,51.5729489489,0.3183391003,2.6326308207,0.0967157337,1
pro(16).jpg,42.5844959207,56.2736180265,99.9567395105,0.0164319249,39.6904455463,0.2694728599,1
pro(149).jpg,26.9313385771,32.5492608067,72.6352997449,0.0326409496,18.9470144886,0.1906462255,1
pro(88).jpg,0,0,127.6133463542,0.0326086957,0,0.3312671404,1
pro(215).jpg,8.6648948949,6.525403151,169.6984204204,0.0089552239,4.1291622449,0.252286925,1
pro(259).jpg,12.51495,20.6125160855,143.4379277778,0.0581395349,16.8519662172,0.2478879619,1
pro(146).jpg,24.9195435435,20.270056224,89.7675855856,0.5405982906,14.5906758258,0.2221396191,1
pro(301).jpg,0,0,73.0605045045,0,0,0.2819150452,1
pro(51).jpg,55.248896,56.0681462369,144.212544,0.2330827068,37.5795625677,0.242926699,1
pro(380).jpg,64.9391882184,43.0693938382,151.2094154095,0.0582524272,22.2908309374,0.2040029138,1
pro(383).jpg,94.8580909091,90.94705931,103.8560106952,0,65.8578550798,0.2240241427,1
pro(136).jpg,40.0422112676,44.727891641,54.590657277,0.4020797227,22.8230555819,0.1779113856,1
pro(283).jpg,55.6196816976,63.6542168952,95.9297824934,0.1666666667,49.0945573315,0.3077976329,1
pro(131).jpg,32.6700660661,38.1194256882,135.2716876877,0.0801033592,27.3255969506,0.1857259822,1
pro(346).jpg,25.7987070707,39.3633638261,117.6575909091,0.0983935743,33.3946184551,0.3031330556,1
pro(391).jpg,63.5851428571,69.3015052075,136.1539348371,0.4462962963,52.4828814561,0.2652233634,1
pro(24).jpg,54.045888,55.3637321276,86.0531786667,0.0584958217,36.5696166185,0.1932180175,1
pro(197).jpg,131.4885318396,107.2227149494,62.2932684748,0.0290909091,69.2613564792,0.1593588638,1
pro(47).jpg,27.0933981233,22.1155403901,96.4068741622,0.4636627907,14.3458224102,0.1337545545,1
pro(194).jpg,38.3210930931,32.8172932139,118.6907027027,0,17.947515361,0.1137798876,1
pro(60).jpg,64.6483187661,52.8053846915,105.2795269923,0.1458333333,28.3115682389,0.2622445878,1
pro(231).jpg,34.5327476959,64.6043308784,106.109234591,0.0522788204,55.5419237405,0.2944550831,1
pro(357).jpg,0,0,129.7665317919,0.0350318471,0,0.331505471,1
pro(101).jpg,0,0,115.4377372956,0.0371567044,0,0.4043854444,1
pro(397).jpg,32.7371722222,47.1488216579,180.2773944444,0.2634730539,37.686737343,0.2801877243,1
pro(252).jpg,20.306295858,32.4762130836,103.5304201183,0.006097561,25.3208496195,0.297836652,1
pro(247).jpg,69.5720586667,89.3523055686,166.2780373333,0.2826603325,47.1869231272,0.2033487783,1
pro(214).jpg,0,0,95.31077,0.0134228188,0,0.2722410959,1
pro(245).jpg,8.4886305556,10.4779363666,80.4925555556,0.0988095238,6.629387743,0.2492953925,1
pro(238).jpg,0,0,128.4139573333,0.0098039216,0,0.3121012441,1
pro(89).jpg,46.6931828162,69.8437016364,98.2836870609,0.2658227848,49.4204637315,0.3096112507,1
pro(154).jpg,33.48774,55.0674117508,138.616125,0.123015873,48.0649221334,0.3283130742,1
pro(30).jpg,29.8853813333,38.9244030933,116.3454186667,0,28.3880237406,0.254806425,1
pro(163).jpg,0,0,7.0628374413,0.387755102,0,0.1035112878,1
pro(105).jpg,31.163792,39.2070204752,116.112084,0.066091954,24.0195358028,0.343050635,1
pro(29).jpg,39.8846666667,35.5419375967,124.7153033033,0.056022409,15.625337907,0.1798902785,1
pro(302).jpg,15.7413873874,21.655143263,57.63596997,0.2264150943,16.3489521571,0.2286703372,1
pro(186).jpg,22.1018565684,30.4473020041,89.1662533512,0.0648584906,25.8846633774,0.221442615,1
pro(282).jpg,110.7088773419,73.8746498516,126.3105166862,0.241697417,40.2513958941,0.155767714,1
pro(262).jpg,0,0,92.3303027344,0.025974026,0,0.2537486109,1
pro(288).jpg,19.695045045,28.5958838448,155.1896216216,0.0785714286,22.8379102288,0.3321263883,1
pro(285).jpg,38.4110644531,54.328526548,97.3876660156,0.364640884,43.4070088649,0.2408976428,1
pro(388).jpg,0,0,104.85654,0.0310734463,0,0.30468199,1
pro(390).jpg,80.6709052986,54.9163540437,124.056279274,0.1728081321,29.4678517737,0.1420424193,1
pro(116).jpg,36.2821681682,45.8912813579,126.5715315315,0.3181818182,32.6873055281,0.2760401792,1
pro(160).jpg,33.5972213333,40.3810299432,110.7121653333,0.0456621005,26.0696951781,0.2492341177,1
pro(235).jpg,30.0951388102,19.5674952318,92.5915127479,0.0303867403,12.1223536709,0.2524843234,1
pro(337).jpg,6.1525405405,8.4053012989,39.0810510511,0.5853658537,5.7207717908,0.1921047856,1
pro(164).jpg,76.7334114114,86.7048146684,107.9297957958,0.1368653422,62.6167993046,0.2697339474,1
pro(203).jpg,22.1089104278,27.0577446723,115.7813268717,0.0720961282,17.3368266504,0.2090916738,1
pro(44).jpg,10.147652,13.4659423307,105.111828,0.1666666667,9.1582139573,0.2341945425,1
pro(244).jpg,42.8723356427,55.8138101641,118.9674049233,0.2139461173,47.9838066117,0.3566678694,1
pro(207).jpg,20.4235854342,23.2912696058,79.621210084,0.0198412698,15.8826492554,0.2346952347,1
pro(114).jpg,28.6530654102,43.1286950832,108.4883702882,0.1371807001,31.9106254681,0.2957497825,1
pro(279).jpg,111.5682120902,102.6102748895,111.2161007026,0.4331683168,73.0893538506,0.2196166959,1
pro(332).jpg,17.9586126005,22.0589263874,59.5497360925,0.3774647887,16.0189630176,0.1693714753,1
pro(345).jpg,53.267088,65.8816590156,66.16048,0.0017574692,44.4076883133,0.2285984838,1
pro(314).jpg,114.1976756757,97.1623246941,87.9989249249,0.0901098901,70.9157317837,0.2024547488,1
pro(270).jpg,14.3481361111,23.0286398623,160.5218666667,0.1731601732,18.8132166493,0.2811172955,1
pro(356).jpg,47.3356704805,53.4549311996,112.9236201373,0.1239669421,29.5203858961,0.2396911081,1
pro(263).jpg,34.9691062843,19.0429403708,110.7498712225,0.1553784861,9.9933491486,0.2184963165,1
pro(318).jpg,19.6855488722,33.3907644363,149.3971578947,0.2727272727,29.6053130212,0.1721966768,1
pro(202).jpg,21.138256,20.6288318425,121.965712,0.233557047,9.159408566,0.1033590817,1
pro(166).jpg,47.653194689,35.6847942636,153.4554944249,0.5817901235,14.0540911893,0.1831242344,1
pro(375).jpg,29.5636087529,28.3949333687,44.4546216335,0.2952182952,14.662738082,0.1551408535,1
pro(184).jpg,40.459418911,54.3261106901,127.5980898712,0.1859229748,34.0809399121,0.2304208892,1
pro(96).jpg,14.3086726727,17.4630915552,101.4893873874,0.1728395062,10.1404740359,0.2580208064,1
pro(129).jpg,0,0,219.7223689988,0,0,0.0944210577,1
pro(351).jpg,29.004048,22.7003440385,130.5684266667,0,15.010707632,0.1972382461,1
pro(176).jpg,32.6107573333,39.9161512293,58.6698933333,0.1590413943,27.4203874422,0.2144071441,1
pro(341).jpg,17.5971055328,23.6350023626,119.9265844555,0.0023752969,18.1504163545,0.292124625,1
pro(117).jpg,136.4510099532,105.2314454511,99.4034909251,0.2606635071,70.1814821385,0.1976283775,1
pro(222).jpg,43.4762757974,59.739298029,111.3294488743,0.1214882308,41.9063798446,0.2751295477,1
pro(172).jpg,38.1188158665,54.362869918,85.6338627049,0.6175040519,42.6625562557,0.2131004858,1
pro(169).jpg,26.0107267267,35.7520783772,115.9356096096,0.8449781659,24.987114378,0.1292253259,1
pro(343).jpg,10.4779466667,9.1322197349,101.4101226667,0.1407624633,5.815197473,0.3771011492,1
pro(142).jpg,25.5504349954,36.5186328509,103.7426892582,0.4339622642,27.6533285822,0.141036774,1
pro(226).jpg,44.5914922424,50.1801623483,100.9011636417,0.1367088608,35.4157754846,0.1830177749,1
pro(300).jpg,81.362993809,87.6739348337,104.2491561026,0.0267857143,47.5927645257,0.1702573027,1
pro(381).jpg,26.4080979215,39.2379587488,87.0950746487,0.4680232558,30.2876462838,0.2198567897,1
pro(23).jpg,16.36015625,19.1598467763,129.4906835938,0.2380952381,11.6039258343,0.2394466819,1
pro(175).jpg,61.1963619048,65.512336263,108.9461079365,0.2592592593,35.8092562402,0.1526633377,1
pro(237).jpg,35.66463125,38.7094994013,146.708553125,0.1127379209,30.6513044633,0.3476605947,1
pro(298).jpg,21.462921832,25.948071676,118.173880854,0.3224137931,16.9137661304,0.2233570162,1
pro(392).jpg,42.790868,43.5535017276,66.958884,0,27.9695422166,0.1686121024,1
pro(168).jpg,29.0051375878,29.1868877755,115.896567623,0.0955752212,19.7029830466,0.2765242423,1
pro(240).jpg,0,0,97.001723507,0.0733944954,0,0.3146497963,1
pro(376).jpg,27.482364,37.5657977788,204.559604,0.2584033613,24.9412957356,0.1365239291,1
pro(206).jpg,19.3058192149,37.9249055682,71.1893109504,0.2629984856,33.4628606949,0.3384597471,1
pro(115).jpg,84.5494181792,99.6739013153,106.4287360948,0.7216,58.2034322195,0.1071186729,1
pro(374).jpg,7.460784,26.0048568169,207.695608,0.197740113,21.6312586343,0.1456879714,1
pro(185).jpg,0,0,81.7415563206,0.0259259259,0,0.326407124,1
pro(50).jpg,34.6254141717,37.6140547739,64.859992515,0,17.6682399074,0.1271412607,1
pro(382).jpg,0,0,143.1958723653,0.0160714286,0,0.1748319281,1
pro(293).jpg,27.8181021021,23.9508696848,122.4108408408,0.2796352584,16.2584174623,0.2424401956,1
pro(36).jpg,27.423528343,33.4554809874,100.8608575581,0.2459425718,21.4469527649,0.2795937849,1
pro(359).jpg,52.0815938303,56.169339131,147.0633470437,0.0224089636,43.9756831091,0.2837291465,1
pro(162).jpg,76.951372219,84.7286216426,143.9692988876,0.2418831169,45.0716987839,0.2282322614,1
pro(1).jpg,115.6664106667,122.9410560542,55.8293226667,0.0510638298,90.1559637859,0.1915227618,1
pro(377).jpg,99.4272281805,45.2405293133,154.745649963,0.3829787234,20.4695529988,0.1512913281,1
pro(260).jpg,111.868626506,69.6750911085,161.2557590361,0.6113360324,25.6649419837,0.133471892,1
pro(21).jpg,4.565779148,6.0981398363,186.0957819507,0.4237288136,4.3452709216,0.2529259182,1
pro(67).jpg,55.390974359,56.0823867832,126.2981538462,0.2827763496,20.5757128568,0.1850107116,1
pro(199).jpg,52.1611646341,40.524123314,97.7922621951,0.004040404,22.8405845011,0.1520644842,1
pro(42).jpg,108.9890722222,102.3094757207,109.2654055556,0.1038461538,45.2364595766,0.1399332732,1
pro(49).jpg,47.9051203052,45.2513279191,113.3778462441,0,28.0870313386,0.1959519428,1
image (65).jpg,27.2605868358,31.5330265001,125.5789849326,0.2385321101,18.5883954822,0.3003158887,0
image (259).jpg,18.0716872985,33.6176565227,55.8918520877,0.1359223301,29.1912800671,0.2270944212,0
image (60).jpg,10.1579230187,20.4963769637,142.441826215,0.4789915966,17.8566348824,0.316620737,0
image (221).jpg,30.3904814697,28.4457967814,157.0855638264,0,19.9335281497,0.1718217119,0
image (216).jpg,66.6038808039,49.8383128675,98.5022077022,0,29.3379164232,0.1672906599,0
image (11).jpg,22.7652748477,35.0189078207,146.9524340246,0.3333333333,25.1539833124,0.2203081858,0
image (227).jpg,22.2354282316,28.1338530608,124.3563639968,0.0247933884,15.7611529748,0.2240865648,0
image (101).jpg,3.4653594771,7.3862538519,149.4142008318,0,6.2177269971,0.3209639342,0
image (125).jpg,24.5241373852,35.2166762728,54.0244737259,0.0550458716,27.2199336763,0.1752623727,0
image (89).jpg,19.0085245902,24.7917104482,73.7086934923,0,17.5025808007,0.1895353137,0
image (71).jpg,21.0290769414,25.7336939696,103.2999641763,0.0297029703,17.4365206304,0.279909274,0
image (231).jpg,25.0345301118,31.606178716,161.2186641723,0.0490196078,23.3480205135,0.2768132008,0
image (143).jpg,22.0414214577,25.093216076,118.865663196,0,14.1608312917,0.1986590564,0
image (38).jpg,12.8370988574,17.0941982306,114.6058022851,0.0095238095,11.7530125607,0.2835349668,0
image (75).jpg,35.6846913187,31.4708825495,138.3707160769,0,18.6929083123,0.2274737438,0
image (183).jpg,22.145017387,27.5040798812,113.2797019374,0.0438596491,16.9410430656,0.2189261835,0
image (40).jpg,13.8710743144,18.3128643915,103.4803367432,0.0733944954,12.5498859823,0.2648319822,0
image (209).jpg,64.4194898445,54.9620686605,97.8276935893,0,38.59684268,0.2543251102,0
image (179).jpg,35.931190584,40.7929120866,134.6225667723,0,21.651559856,0.2484523898,0
image (26).jpg,19.3790351471,18.2687884559,124.5191059985,0.0315789474,12.5496318145,0.2128850422,0
image (149).jpg,15.3170712359,20.8192179839,139.5352609868,0.0720720721,15.2155076913,0.1614608925,0
image (162).jpg,15.0437,17.4162392227,118.462075,0,12.8780215992,0.308614541,0
image (208).jpg,12.2304462047,14.2530577315,105.0976595152,0,9.0380923138,0.1851458554,0
image (187).jpg,30.3944919617,27.7768429448,107.3097727093,0.0458715596,18.3279429794,0.1780523233,0
image (213).jpg,46.082038065,67.9083673258,131.2667525773,0.3027522936,53.7331805244,0.2017186625,0
image (55).jpg,12.5288950715,17.4331008811,46.8723370429,0,12.0757561608,0.1734751919,0
image (85).jpg,27.4014448911,28.8903144305,118.6620626518,0.0353982301,17.7585928612,0.2281156991,0
image (96).jpg,50.5112320496,44.9608531176,120.6673088764,0,26.8535717293,0.2715363909,0
image (95).jpg,33.4644349799,38.36315351,116.0032838435,0.045045045,21.8615861382,0.2736011163,0
image (203).jpg,68.5809262899,66.5389727694,106.0859388958,0.4336283186,48.6769012912,0.1858104196,0
image (12).jpg,21.31013414,22.5662906406,100.4993432313,0,12.6262301929,0.1558988662,0
image (218).jpg,29.5121112767,35.4484411754,92.134485842,0,17.9712912683,0.1640025194,0
image (117).jpg,13.0425108078,14.605956444,114.2095024159,0.01,7.6900805182,0.1912109106,0
image (153).jpg,40.6727968893,47.448993626,99.9265166845,0.0674157303,27.4250586505,0.2603969075,0
image (63).jpg,41.2859133065,45.6032237821,129.7953866974,0.2523364486,24.5490072083,0.195456542,0
image (104).jpg,36.0359744991,40.5602925149,95.3808703572,0.0165289256,22.7879555241,0.1688991319,0
image (245).jpg,22.3411614855,28.1021260893,135.5216932691,0,16.193505687,0.1987224202,0
image (137).jpg,17.8625562234,21.7456225706,75.0736775067,0,15.0856137962,0.2235400715,0
image (84).jpg,13.5656234476,20.0345474492,150.4284749131,0.0659340659,16.1166861159,0.2850554776,0
image (20).jpg,17.9893293592,23.7087733443,77.9645901639,0.149122807,14.5479533353,0.3045930431,0
image (196).jpg,28.5626825633,27.4751931546,149.150958768,0.012195122,19.7891476066,0.272328351,0
image (186).jpg,18.1257413525,27.807342151,145.7229630219,0.0114942529,22.4027135405,0.3183116828,0
image (82).jpg,27.8263344346,28.7962925183,122.3814233969,0.0898876404,14.5765070255,0.1683111833,0
image (163).jpg,29.035290611,38.7396734311,77.5984898162,0,28.9336783206,0.1992035059,0
image (80).jpg,24.4395573777,37.1998922672,136.7332523982,0.0078740157,27.5557339193,0.2673173803,0
image (77).jpg,21.8044819488,21.0484062046,119.2993472117,0.1034482759,12.1235802106,0.3274772427,0
image (122).jpg,57.7951623749,68.1469149791,89.8273011352,0.1734693878,41.5187862289,0.1346313132,0
image (78).jpg,51.8797715241,61.3116161113,115.7043147713,0.0849056604,34.0198906148,0.2483141751,0
image (53).jpg,15.5521434542,20.9015796699,120.3891653067,0.1308411215,14.1650691385,0.2475044646,0
image (17).jpg,30.8329939705,40.5246857543,80.5317979638,0,26.4187607002,0.2085217405,0
image (105).jpg,52.9807539683,72.2288610206,150.151765873,0.0594059406,53.0688874213,0.2424081308,0
image (131).jpg,56.5942161219,57.8797640686,122.9497183434,0.3362831858,24.0436123867,0.1339350252,0
image (22).jpg,37.4390654391,31.0343203692,138.3414513415,0,19.4862511337,0.1695050897,0
image (99).jpg,26.0720537196,31.0568069642,121.3535536442,0,21.796869733,0.1783369194,0
image (30).jpg,25.0424242424,28.7201534996,165.4641231992,0.1555555556,16.0448417979,0.2564527483,0
image (35).jpg,27.559885364,27.2615563236,129.3378378378,0.0434782609,10.9716167604,0.234877213,0
image (156).jpg,12.9793683794,15.9749570905,102.1257103257,0,10.1765763742,0.2349039246,0
image (255).jpg,21.7974537037,24.8013329807,106.5817592593,0.0380952381,14.7224536564,0.2739315524,0
image (201).jpg,23.2265730115,27.6707042357,100.8854966363,0.0119047619,17.0619442874,0.3192077598,0
image (222).jpg,19.7699739583,28.239419695,113.3556510417,0.3866666667,22.710287672,0.1780321938,0
image (172).jpg,24.3724535989,33.8936660429,111.5947638449,0,25.5753042706,0.2392477881,0
image (9).jpg,12.5619551805,15.4020916746,94.9332484178,0,10.169115546,0.2466163266,0
image (239).jpg,22.9564285714,24.8224248584,125.9438095238,0.0106382979,14.8908371189,0.1859571604,0
image (2).jpg,14.1720335947,25.5026060118,51.7105043188,0.0571428571,19.3662922809,0.2513527478,0
image (214).jpg,46.0909326013,51.94424362,96.9459099228,0,32.4702596806,0.1515426677,0
image (250).jpg,12.0270419753,15.5883883675,150.7043160494,0.3963963964,9.8659599142,0.3095657847,0
image (224).jpg,36.4838067956,29.7286329302,107.9619041935,0,18.5827695674,0.2947769521,0
image (90).jpg,32.3815424266,42.462832922,101.4976209358,0.1696428571,33.0565337174,0.2326159805,0
image (169).jpg,24.1975281614,28.0063480136,112.9562950285,0.04,15.4418416753,0.2725610146,0
image (132).jpg,21.8273728686,30.2873993757,130.669722348,0,20.4261174361,0.2130527827,0
image (124).jpg,30.6654460057,46.5105982219,141.9072762011,0.0560747664,36.4823523057,0.2770025295,0
image (229).jpg,14.0117223262,19.2692288471,140.6035704335,0.0260869565,14.5878770088,0.1654299309,0
image (166).jpg,23.2900889101,36.6718110291,151.7815749782,0.3563218391,27.3518942076,0.2883314817,0
image (151).jpg,32.1396656535,34.5377916402,152.1730243161,0,25.0770397997,0.1556292519,0
image (205).jpg,24.9380249174,28.7910914982,123.2540699757,0,20.9930212699,0.1988788753,0
image (51).jpg,31.3499851323,37.9342661691,124.6971949648,0,27.7227920094,0.2509071601,0
image (192).jpg,19.3429526728,20.4420490341,138.7120566811,0.4876033058,9.7757243232,0.2508162016,0
image (189).jpg,33.9321212121,37.1121490408,125.6325484352,0,18.3563068593,0.2525810064,0
image (16).jpg,45.8398678502,61.2488121529,100.5143095968,0.2254901961,45.8897109701,0.2673277637,0
image (188).jpg,45.8263457557,53.982937935,158.3546344959,0.1367521368,31.9922923976,0.2403345662,0
image (5).jpg,52.198403853,47.1543697889,99.7574931338,0.2,24.8572332046,0.1958000127,0
image (68).jpg,29.9828842097,33.985479294,135.8244238347,0.0666666667,19.043837332,0.1902212277,0
image (204).jpg,40.5629303825,49.2498471393,90.7316403296,0.2068965517,31.5943225957,0.2447706583,0
image (177).jpg,3.7281349206,5.9977930517,90.8319047619,0.0769230769,4.6307009152,0.2480782584,0
image (257).jpg,44.8026055278,56.0787021663,111.2089371981,0.0543478261,39.9507140671,0.2581365714,0
image (67).jpg,26.6501214027,32.7257434011,121.8234486327,0,23.4142134984,0.2346389465,0
image (190).jpg,4.2769175656,5.8804010544,135.6519125901,0.4871794872,4.7363917719,0.2512044474,0
image (106).jpg,31.1919282155,56.0279781636,80.3941595696,0.017699115,48.8743601877,0.1675909583,0
image (102).jpg,23.4035568803,31.2817600593,133.6532935917,0,23.3927766685,0.1917452907,0
image (74).jpg,18.2874059627,23.3826245655,130.61099391,0.032967033,16.811492797,0.2896263402,0
image (127).jpg,31.2797436612,53.8426820595,127.3291605302,0.1428571429,37.3112252681,0.1482844601,0
image (24).jpg,23.1759742069,31.1151576939,121.3317478008,0.0294117647,22.4244418261,0.2479981729,0
image (185).jpg,29.9823065022,37.5283821845,35.4441821716,0.2307692308,27.0784504106,0.1668857748,0
image (107).jpg,22.3020138889,21.3746708301,131.9679166667,0.3367346939,15.5091375581,0.3376579736,0
image (141).jpg,38.4885562683,40.5972619526,137.6434228241,0.0860215054,25.2458837144,0.2619371694,0
image (180).jpg,18.8419973729,24.3474559973,88.9313378179,0.0898876404,17.4603049822,0.2735106614,0
image (171).jpg,22.2053098754,25.9565004164,106.1493452215,0,14.8920902046,0.244247986,0
image (155).jpg,19.9186800939,22.8098238672,127.9209489313,0.144,12.5541740743,0.2573882423,0
image (19).jpg,21.0281017394,28.6920191952,136.9888946384,0.3271028037,21.3276863489,0.2968038374,0
image (246).jpg,13.1683716117,14.7151602851,119.4300441826,0.0961538462,8.7748754522,0.2532626864,0
image (112).jpg,33.1261635968,35.4252156446,162.3522083581,0.0860215054,20.4699279637,0.1983821736,0
image (226).jpg,67.8904788441,74.2003550143,111.2892767583,0.4636363636,37.8204119358,0.1504058024,0
image (93).jpg,45.745372766,32.4446607977,150.986844724,0.3058823529,18.3694273603,0.2507196747,0
image (64).jpg,23.1736346516,22.6591595705,103.7097631083,0,12.2792855285,0.2384799004,0
image (243).jpg,60.8567080402,48.936461325,113.6888686853,0.3134328358,34.7740118254,0.1838385824,0
image (8).jpg,15.6301318118,22.3781645203,96.6645460148,0.0512820513,17.1409980119,0.1223661245,0
image (238).jpg,49.3563615429,58.6897632456,117.5074543902,0.1442307692,37.0023121258,0.2524965247,0
image (44).jpg,18.7006328862,25.4475861197,103.36367074,0.0172413793,18.7505049992,0.2241678472,0
image (73).jpg,42.3938201689,53.4466058569,138.1504222553,0.2018348624,37.4244445349,0.2209203646,0
image (217).jpg,13.6117481519,8.5505235072,127.2555653562,0.1565217391,4.7747511179,0.3022619998,0
image (195).jpg,16.9566333638,20.2477137553,104.2794053258,0,12.0672270912,0.2542651201,0
image (140).jpg,22.8851068058,27.1020136343,99.5568604074,0,17.0980990554,0.1968601058,0
image (254).jpg,35.2760219719,39.5469882545,144.6525494567,0.2641509434,22.1865827542,0.2101005159,0
image (114).jpg,12.3436351719,20.7005443551,135.0360498143,0.0208333333,16.2364361746,0.2717797208,0
image (252).jpg,51.5693985591,46.4455508726,136.5849420849,0,28.7770444655,0.1998269181,0
image (4).jpg,12.9303528945,15.0277989128,99.7452022205,0.0826446281,9.479104205,0.324078708,0
image (167).jpg,10.130531545,11.9919506422,130.6355091903,0.1896551724,7.3064134065,0.3029203005,0
image (103).jpg,10.7426924988,14.4925742916,117.4300447094,0.4375,10.9089326348,0.3154953532,0
image (111).jpg,14.1975992063,14.4965062036,73.0449206349,0,9.6112400195,0.1445570676,0
image (223).jpg,21.3944154437,24.5932276093,131.0492465281,0.2619047619,16.9465851744,0.2608496256,0
image (100).jpg,57.8966086853,76.213889502,118.594216455,0.2086956522,60.9143576468,0.2011238449,0
image (41).jpg,26.8000791139,24.2896868919,183.9025580169,0,17.2729021513,0.2021792462,0
image (262).jpg,15.5655375552,17.8940416681,115.2421486287,0.0089285714,10.2666588828,0.2164804063,0
image (134).jpg,56.5714968248,58.0855836709,134.7776959369,0.0677966102,23.7324818413,0.2247715498,0
image (118).jpg,65.2892399404,78.9591413879,126.6708991555,0.3452380952,50.0097857932,0.2460202859,0
image (69).jpg,20.8537794053,28.8558517719,128.0203001234,0.0333333333,21.0528477916,0.2301173175,0
image (230).jpg,58.5466888664,60.7919966509,132.9551049533,0.1212121212,33.6714508263,0.251471972,0
image (161).jpg,19.9811377697,24.0781285336,139.2334389618,0.1395348837,15.4930054859,0.2222183677,0
image (31).jpg,25.9723958126,33.2975555683,99.5462325359,0.0357142857,24.6238779291,0.3026024135,0
image (263).jpg,19.5061500248,27.5619776603,88.2487034277,0,19.3275802187,0.2879315817,0
image (61).jpg,23.2026628985,29.6021187768,115.5527803208,0.0263157895,17.6455949159,0.2502569026,0
image (184).jpg,22.4689124311,29.4037051016,112.8900726104,0.0857142857,19.9943792372,0.2192982679,0
image (191).jpg,47.4256716536,59.2175826823,106.8239215842,0.0806451613,36.6035351271,0.162348533,0
image (157).jpg,12.0075442909,14.145307602,124.6335720946,0.14,8.685728379,0.2118677758,0
image (109).jpg,8.9713609044,15.4593445119,169.6366078892,0.4330708661,11.8631221072,0.1814962869,0
image (58).jpg,22.6117103849,34.8501482751,142.345918083,0.0283018868,27.2446997225,0.3356994502,0
image (120).jpg,21.9443537794,28.2772273516,109.5911714365,0.0170940171,20.5619518154,0.2355352445,0
image (116).jpg,30.5792050748,25.5451472341,147.7445732977,0.1481481481,11.890257755,0.1561064469,0
image (18).jpg,11.0968310557,14.5301179741,121.9446028917,0.1397849462,11.2875640708,0.2921257245,0
image (176).jpg,19.820343908,22.1546749,105.2113203041,0,13.0688604298,0.2060670892,0
image (152).jpg,0,0,144.4617659904,0.2882882883,0,0.263118566,0
image (13).jpg,11.8525384998,15.4996796234,123.4768802782,0.2574257426,11.5106419049,0.2390251342,0
image (235).jpg,24.950958768,30.6282506641,94.5786587183,0,20.0037934635,0.1840177454,0
image (260).jpg,26.3363934426,30.2525823092,141.0216393443,0.1415929204,16.3317191709,0.1936798244,0
image (62).jpg,16.6777166465,19.6531297981,87.6038691481,0,14.6821533555,0.2650115926,0
image (237).jpg,7.5840663933,10.2960931141,103.2313617004,0.0178571429,7.0587664113,0.2228297682,0
image (113).jpg,42.5501134419,50.1509285419,151.9021812682,0.3394495413,39.8161837714,0.1938565097,0
image (212).jpg,27.0431477133,30.8860244842,87.0757672253,0.1538461538,21.6496735302,0.2504874245,0
image (207).jpg,27.3666706472,38.6291975213,119.6112172598,0.009009009,30.4328098549,0.2493795675,0
image (128).jpg,15.093718903,25.0585526259,127.7160171954,0.3363636364,18.9381167071,0.2887983316,0
image (48).jpg,25.5639254866,24.687039325,110.752438005,0.0476190476,18.39179311,0.3119170321,0
image (225).jpg,22.7812561997,34.3807956654,101.7266396858,0.4205607477,26.5325990932,0.1390834854,0
image (168).jpg,19.0362018867,22.3723003965,150.1113521474,0.0543478261,12.966608229,0.1293551751,0
image (121).jpg,21.1370690512,21.6659185955,81.727550919,0.0865384615,13.7603247585,0.2710399723,0
image (47).jpg,4.4276403378,5.3978547737,119.4577446597,0.0265486726,3.3626857252,0.2271421522,0
image (253).jpg,41.1356923934,41.2702851758,116.8261155117,0.119266055,24.8482128787,0.1998229654,0
image (182).jpg,17.9466865375,22.8295452021,104.1963040238,0.0943396226,16.2449677087,0.234883794,0
image (115).jpg,26.9031564702,31.2173186983,131.4435576961,0.1376146789,22.5785148244,0.1772035779,0
image (244).jpg,21.535378388,23.0145246538,64.6405412913,0.0454545455,16.4352002296,0.1960295631,0
image (76).jpg,55.1141269841,58.0794324828,85.9708333333,0.2087912088,28.349938951,0.1841967278,0
image (233).jpg,24.2508134921,30.476596277,130.202797619,0.0857142857,20.0371750073,0.268793091,0
image (234).jpg,44.9573532906,50.3454682829,95.2056703888,0.0990990991,33.3717467361,0.1287257357,0
image (145).jpg,48.6321606043,47.2292937862,111.5471874379,0,25.4558662844,0.1376754513,0
image (39).jpg,19.9527599588,26.7027809575,109.9498891265,0,19.0542616351,0.2783002671,0
image (52).jpg,9.3178853755,11.9295895056,117.3943873518,0.2280701754,7.3249152671,0.2492720879,0
image (83).jpg,24.7356605501,29.0733768082,101.9663654818,0,17.477178211,0.1772149512,0
image (126).jpg,17.8804546902,21.4029122182,107.2183070553,0,12.3228513842,0.1988910213,0
image (148).jpg,26.9861139525,36.2500612627,80.7586691899,0,31.3671875808,0.3169126542,0
image (150).jpg,20.808452381,22.6741987526,102.2163888889,0.2424242424,11.9957472617,0.1042751431,0
image (178).jpg,66.1018389524,69.9620940605,130.3535007762,0.6721311475,52.8632882421,0.1248760814,0
image (92).jpg,11.4128166915,15.2051529459,152.4004570293,0.2711864407,11.27444982,0.2178332076,0
image (87).jpg,43.7595629503,52.2187768524,134.177944513,0.021978022,33.3536062129,0.2174370993,0
image (164).jpg,22.7022354694,25.8726036147,146.1159066071,0.0459770115,14.4989582842,0.2801005702,0
image (29).jpg,8.9314174263,10.3277975218,56.3428730645,0.0752688172,5.7564468919,0.1894798222,0
image (247).jpg,11.0306094017,14.6535011306,147.2941328663,0.0512820513,10.5218235729,0.2592846244,0
image (147).jpg,14.185248577,16.0135924886,101.1439716594,0.0756302521,10.4183782092,0.2471909916,0
image (248).jpg,32.8612227839,40.7361584323,116.9416470963,0.1346153846,27.9936829731,0.2475698475,0
image (72).jpg,8.8659196752,12.8456940562,188.6024360148,0.0442477876,9.9223347354,0.2136031224,0
image (241).jpg,59.6266369462,56.7727415683,165.0592086932,0.085106383,37.6859884341,0.1726861457,0
image (211).jpg,25.1155886736,26.0629995788,130.2001788376,0.5157894737,12.9203333865,0.173721415,0
image (175).jpg,27.0441030132,27.3986925547,122.8090196235,0,18.2306317542,0.1857089764,0
image (194).jpg,28.3156547619,32.354523251,88.9125793651,0.1495327103,20.1081921079,0.233746265,0
image (81).jpg,21.9069047619,37.9803386422,121.91,0.0568181818,33.3733079344,0.2343159249,0
image (228).jpg,25.8340962465,29.4046899358,122.6079289894,0,15.4149617251,0.1724026284,0
image (219).jpg,73.2852366358,47.3029940181,129.1801735462,0,22.3610001849,0.1502050465,0
image (146).jpg,7.4461127596,19.0677921261,192.8310781405,0.5257731959,16.4429912922,0.1694051046,0
image (43).jpg,14.3753134578,21.2255426893,111.2765195239,0.0614035088,15.6208422969,0.2355985509,0
image (1).jpg,17.5689569946,18.2875590899,94.5988927336,0,10.9395582633,0.1599195743,0
image (23).jpg,24.4958006607,27.1621927903,158.9191378418,0.2857142857,14.5184718561,0.2283707819,0
image (46).jpg,13.0445151033,22.2973510548,98.7307034976,0.0412371134,19.0652018459,0.3169068123,0
image (54).jpg,22.7908991555,25.1645270846,110.4060407352,0,17.7487899754,0.1837726384,0
image (32).jpg,23.1006030648,28.0027168767,94.8228571429,0,17.5066640128,0.1713796145,0
image (45).jpg,39.2057437851,42.7538056857,122.6049017642,0,32.3837477475,0.2004892396,0
image (144).jpg,13.0369780679,18.8621516247,87.6734864467,0.1588785047,14.9165755154,0.3222820776,0
image (97).jpg,16.6965131553,23.5840799094,110.8110695379,0.0297029703,19.1695825707,0.2908146623,0
image (215).jpg,13.0716835925,15.3520364369,111.4225642653,0.0983606557,9.9258606561,0.1882169112,0
image (174).jpg,25.2575260805,26.7405638721,138.6260705415,0.1098901099,10.6547652762,0.2079648325,0
image (108).jpg,16.2112662113,19.2081156511,132.7318285318,0.1037735849,12.7797590413,0.2433170953,0
image (154).jpg,34.688119861,28.2315909311,73.1163855217,0.0192307692,14.3054147022,0.1074300298,0
image (110).jpg,29.4128686861,26.0302555568,130.2888588146,0,18.1752789311,0.2523275497,0
image (135).jpg,47.0499067349,50.7144518224,115.5754454895,0.1333333333,21.6409597825,0.230848279,0
image (25).jpg,19.6495589415,23.0610773213,148.4874699278,0,14.7784862072,0.1608168863,0
image (42).jpg,23.8801788376,28.7711986984,83.9137804272,0,15.9257189527,0.1472903984,0
image (57).jpg,17.4056830601,19.8033642443,154.3338301043,0.2765957447,9.3818541227,0.238030417,0
image (261).jpg,27.5946811473,32.0358610339,131.2603532641,0,20.711033948,0.260805979,0
image (193).jpg,19.5982366756,22.5628016208,105.0103092784,0.4016393443,14.7621327357,0.3525691721,0
image (94).jpg,31.643099851,32.9554405485,163.4348534526,0.1682242991,15.294334766,0.1644432518,0
image (210).jpg,15.4047619048,17.9665696135,108.3529761905,0.253164557,10.6718503561,0.146195278,0
image (240).jpg,31.9031836541,44.2669727092,92.2668686149,0.0107526882,33.917409135,0.243649904,0
image (129).jpg,25.7787829599,20.3549814105,85.5252989152,0,10.2764049918,0.1237198545,0
image (242).jpg,28.3210603829,31.6003254651,139.4846156908,0.2037037037,16.8148309377,0.2162487257,0
image (206).jpg,37.712945852,19.2744051815,142.7626229508,0.1651376147,9.730677508,0.2890697295,0
image (256).jpg,71.0431079091,64.5803768387,117.5215141504,0.05,37.211641963,0.1744084398,0
image (249).jpg,44.8793734825,45.9898156855,96.7785296342,0.0336134454,29.5403359987,0.1689343093,0
image (91).jpg,17.3518239492,20.7770613264,148.4148295004,0.03125,12.3495582376,0.2892378961,0
image (98).jpg,8.4254639911,11.6221566118,89.8368892766,0.4102564103,8.3209076635,0.2678409687,0
image (136).jpg,8.8646857461,12.4992476042,115.7711260598,0.1333333333,10.0653370435,0.3179507904,0
image (220).jpg,26.2370622992,23.0244933285,141.0161200777,0.0594059406,7.8408163568,0.1602450614,0
image (258).jpg,34.4343231302,29.0959937761,124.0446005652,0,14.8647063413,0.2691520018,0
image (33).jpg,16.5377844014,20.487761617,143.4761053155,0.45,13.6547358556,0.2942268664,0
image (130).jpg,71.6425586116,51.9337933685,146.249990049,0,32.9759472135,0.1688564017,0
image (34).jpg,29.3417949785,34.8023737548,87.5427540971,0.0625,23.153044437,0.2220216442,0
image (59).jpg,54.9125547005,52.8481300671,127.6201146824,0,34.1201096277,0.2222364614,0
image (7).jpg,16.4305753968,21.8380269393,105.5068253968,0.125,15.8343377396,0.3095758257,0
image (198).jpg,14.812562194,26.6447063292,134.8570035426,0.3703703704,20.9996913784,0.2885163055,0
image (251).jpg,30.0479567714,33.904731778,113.8392236327,0,19.290813654,0.2053158334,0
image (160).jpg,23.799444885,30.7992536639,107.3891356067,0.0707964602,19.3091984919,0.2489769944,0
image (133).jpg,29.7173307328,35.6312318156,57.4360745134,0.3394495413,22.9411331599,0.1627645253,0
image (66).jpg,16.7384575652,21.9589924671,144.8072949778,0.2857142857,16.6179501074,0.3373979842,0
image (36).jpg,23.2259457318,25.3357979408,102.7639532581,0.0106382979,15.6016770705,0.2216354869,0
image (86).jpg,102.0314952807,108.1668515826,123.706626925,0.2123893805,52.3004695709,0.1487841278,0
image (21).jpg,21.9044890352,31.2329154338,96.9653804973,0.101010101,22.5761804128,0.3140186552,0
image (202).jpg,19.647938889,21.2371513486,100.736399438,0.1886792453,9.1533552054,0.2954438342,0
image (165).jpg,20.6158688748,17.1019671593,106.8060911978,0.4078947368,6.9532536217,0.1941627526,0
image (15).jpg,22.9580493184,27.893927543,109.9086307137,0,20.144329226,0.2193788058,0
image (170).jpg,34.5797385621,29.9870331053,129.5471974648,0.0769230769,14.6001268878,0.2240315808,0
image (70).jpg,27.7499206601,34.6715040145,141.8182918121,0.3263157895,23.9821530456,0.2439605008,0
image (158).jpg,13.4253003899,14.9740620603,131.1614546033,0,7.5102255204,0.3222831898,0
image (119).jpg,13.7560288751,15.2291298586,112.9763009678,0.0505050505,9.7936433632,0.3087819372,0
image (200).jpg,39.3748557099,48.2533364474,118.8183337977,0.1428571429,34.0402341817,0.1544770749,0
image (3).jpg,13.3258300395,19.2557759725,134.747687747,0.3953488372,15.1728610438,0.2783596015,0
image (27).jpg,26.0264299646,28.4113106526,143.9632209529,0.2830188679,13.1859327849,0.2817586192,0
image (6).jpg,19.469965226,21.309152376,133.659692002,0.0769230769,15.4575481363,0.2499990225,0
image (232).jpg,65.0704533694,80.2893890637,131.0441627194,0.2735042735,53.5245767916,0.2348737719,0
image (139).jpg,32.8823214286,32.2953553033,138.779781746,0.1293103448,15.0309581644,0.2478979894,0
image (199).jpg,28.0683358172,35.0060357738,120.692876304,0.2972972973,23.4724440201,0.255650365,0
image (28).jpg,28.4755801457,25.0415027788,120.0459340047,0.0275229358,15.5812265117,0.2180001911,0
image (181).jpg,16.3077518764,17.7586993145,135.9716452881,0.2561983471,9.281724736,0.1451214197,0
image (159).jpg,73.048680492,65.6570390279,159.622198782,0.5181818182,46.0509939508,0.1671845788,0
image (88).jpg,65.4727938542,81.7326140606,96.5676471759,0.4,57.6205102376,0.2773091321,0
image (197).jpg,25.7017289348,33.0822471131,83.7201311606,0.1473684211,20.7940255698,0.2487902751,0
image (123).jpg,43.7432608696,42.548051257,128.6697628459,0.1171171171,14.9745196641,0.1604123637,0
image (173).jpg,15.7735109094,18.0973304176,73.2563903488,0.2315789474,11.828541831,0.1481122083,0
image (10).jpg,21.4035346097,31.391927777,97.4507423476,0.1517857143,25.8852554577,0.2053261626,0
image (79).jpg,20.6164680851,25.9783729459,111.7864255319,0,18.2330145112,0.2064355548,0
image (56).jpg,24.0345238095,28.7674675378,144.3180555556,0,17.2617669945,0.2595310736,0
image (142).jpg,5.0916149068,6.4924663847,106.4871993948,0,4.0301815342,0.186940431,0
image (236).jpg,43.5283258818,57.0220613315,125.4153800298,0.0275229358,38.3144064045,0.2260975077,0
image (49).jpg,82.8045904234,86.7565338118,114.0408587258,0.0632911392,58.2766531727,0.2080190741,0
image (138).jpg,38.4545038411,47.7557336188,156.7977749473,0.298245614,38.8112331134,0.2335785909,0
image (37).jpg,20.80962314,23.6958722229,119.6581606638,0,17.5562153723,0.269829574,0
image (50).jpg,49.139692002,56.1262744043,103.4484848485,0.0186915888,31.6787168639,0.2238178021,0
image (14).jpg,7.0088564264,10.6707681672,132.8973251602,0.5882352941,8.7336168308,0.2489855307,0
